Retailer,2024-12-30,2025-01-06,2025-01-13,2025-01-20,2025-01-27,2025-02-03,2025-02-10,2025-02-17,2025-02-24,2025-03-03,2025-03-10,2025-03-17,2025-03-24,2025-03-31,2025-04-07,2025-04-14,2025-04-21,2025-04-28,2025-05-05,2025-05-12,2025-05-19,2025-05-26,2025-06-02,2025-06-09,2025-06-16,2025-06-23,2025-06-30,2025-07-07,2025-07-14,2025-07-21,2025-07-28,2025-08-04,2025-08-11,2025-08-18,2025-08-25,2025-09-01,2025-09-08,2025-09-15,2025-09-22,2025-09-29,2025-10-06,2025-10-13
	lego,3.394919169,2.821276596,2.839888756,2.807433768,2.903252367,2.731540931,3.043894653,2.93795036,2.89980198,2.814891847,2.989674345,3.1864,3.207893708,3.317045878,3.474663909,3.657256725,3.941728715,3.954487588,3.448713665,3.375824939,3.475675676,3.296121417,3.338676671,3.5125,3.287570225,3.165569796,3.176286509,3.30158207,3.311155914,3.200845666,3.64301985,3.2804629,3.085867621,2.956993133,2.939490446,2.974245769,2.807649044,2.819628647,2.686990291,2.957780879,2.877115526,1.981575604
	clarks,3.408307556,3.270350271,3.312951372,3.138318671,3.399530516,3.235443038,3.075119872,3.181289641,3.060637742,3.012772751,2.972006221,3.135273099,3.161372951,2.986567164,3.278616659,3.655414909,3.674481515,3.714748035,3.365094798,3.281409602,3.305933852,3.322008863,3.252564729,3.451886792,3.63364486,3.719948849,3.86489899,3.582262211,3.627868169,3.530628803,3.737006237,3.396750169,3.373709775,3.533066667,3.834060015,3.436605657,3.453904045,3.587286965,3.707509881,3.760088692,3.707413945,2.634090909
	fossilgroup,5.595744681,4.689019279,4.846285226,5.099913867,5.146341463,5.308039747,5.619744059,5.06841612,4.909867173,4.981887512,4.9283054,5.377597109,5.590027701,5.403492647,5.159433962,5.56133829,5.486842105,5.612109745,5.873957368,5.787177204,6.464788732,6.476733977,6.167408727,6.722172752,6.428057554,6.81948168,7.074870912,6.623275862,6.758500436,7.144120248,7.320140721,7.599134199,7.313672922,7.364279399,7.001793722,6.432286996,6.217352415,6.312007011,6.53539823,6.872662511,7.124561404,3.733163914
	whitestuff,7.589901478,7.516960651,6.985569986,6.709219858,6,6.247391952,5.968652038,6.185692542,7.337625179,5.918276374,7.327510917,7.434402332,7.432153392,7.494920174,8.038406828,6.742765273,6.160606061,5.980712166,5.875562219,6.559815951,6.613533835,6.167638484,7.867872045,6.789393939,5.640822785,5.786248132,5.4,5.288161994,5.27672956,5.447647951,6.537993921,5.3354531,5.889561271,5.672727273,5.791728213,5.619259259,5.8703125,7.056022409,7.785020804,6.57204611,6.708751793,4.020449898
	vbretail,5.296551724,6,6.526666667,6.700636943,6.570469799,6.116564417,6.602564103,5.470238095,6.448979592,7,7.029761905,8.86440678,8.959302326,9.64,9.296089385,9.994444444,11.19767442,14.01069519,13.98404255,14.36893204,15.24747475,13.02926829,13.55609756,12.75845411,12.82857143,14.6347032,13.59512195,13.81858407,15.59051724,15.91517857,14.8,12.90869565,15.34482759,15.20833333,18.46478873,16.35545024,16.81860465,16.56164384,16.98130841,16.64018692,18.00446429,9.456989247
	williams,3.685667752,4.603107345,4.762611276,4.998573466,4.786936236,4.061538462,3.593814433,3.914979757,4.150712831,4.122270742,4.35387674,4.097804391,4.358,3.89059081,3.920258621,3.428229665,3.639618138,3.948775056,3.754166667,3.989316239,4.224489796,4.053097345,4.012875536,4.408247423,4.14957265,4.045652174,4.326484018,4.10944206,3.972803347,3.874747475,4.046770601,3.944680851,8.519927536,5.94534413,4.409799555,4.716157205,5.022821577,4.811839323,4.764091858,4.664488017,4.745054945,3.518987342
	footasylum,2.900977995,2.581259151,2.451070336,2.383307573,2.198675497,2.25203252,2.355661882,2.308042489,2.31107739,2.239616613,2.361769352,2.592775041,2.535603715,2.505124451,2.359937402,3.226466576,3.404145078,3.470355731,3.290275762,3.088626292,3.328011611,3.397653194,3.076388889,3.228533686,3.055084746,3.100689655,2.798858773,3,3.079825835,3.066104079,3.44772118,3.15,2.879551821,3.193415638,3.067679558,2.462519936,2.271666667,2.230508475,2.40037594,2.401960784,2.346416382,1.838709677
	sweatybetty,5.223451327,4.800492611,4.028795812,4.096418733,4.622107969,3.956873315,3.899721448,4.475274725,4.574074074,4.167108753,4.615183246,4.898514851,4.913043478,4.49742268,3.805194805,4.535064935,4.406947891,4.626535627,4.207594937,5.02195122,4.321167883,4.64160401,4.168421053,4.457583548,5.512702079,5.079136691,4.863414634,4.914425428,4.463659148,4.613577023,5.158536585,4.331564987,3.983333333,5.251396648,4.516483516,3.991525424,3.81147541,4.881136951,3.951742627,3.817174515,3.880758808,2.440758294
	wolverineusa,6.443223443,5.543650794,5.368217054,5.322709163,5.991869919,5.196721311,5.40167364,5.559183673,5.794573643,6.165354331,5.685823755,6.023166023,6.278625954,5.754863813,5.20295203,5.545454545,5.911111111,5.65503876,5.765873016,5.750957854,6.785440613,6.48582996,6.224806202,6.488461538,6.181467181,6.053846154,6.647940075,5.876447876,6.405511811,5.945054945,6.056818182,6.22556391,6.312,5.901886792,6.532319392,5.6812749,5.065843621,5.304347826,4.861751152,4.788546256,5.734234234,3.026845638
	allsaints,1.894736842,3.117647059,2.6,2.7,4.125,3.363636364,3.12,2.679012346,3.052083333,3.206521739,3.183486239,3.471014493,3.037313433,3.573529412,3.966101695,4.904761905,5.196428571,4.87394958,3.950207469,3.723636364,4.126760563,4.158227848,4.490909091,5.208672087,5.080487805,5.163414634,5.555555556,5.30472103,5.480492813,5.531313131,5.328214971,5.555331992,5.365530303,5.125703565,4.988950276,5.281070746,5.044526902,5.712454212,5.527777778,4.914076782,4.996509599,2.939790576
	untuckit,2.844897959,2.582978723,2.88,2.819672131,2.983606557,2.680365297,2.899598394,2.64556962,2.732793522,2.629955947,2.681632653,2.710638298,2.757201646,2.701680672,2.768,2.84375,2.875,3.503623188,3.261818182,3.368770764,3.800613497,3.852842809,3.96013289,3.681672026,3.263513514,3.431034483,3.199324324,3.080985915,3.467128028,3.458181818,3.696864111,3.524305556,3.563829787,3.65037594,3.70979021,3.341911765,3.695488722,3.81640625,3.919708029,3.532374101,3.874551971,2.325581395
	kurtgeiger,2.75862069,2.59375,2.257142857,2.481481481,2.222222222,2.482758621,3.238095238,2.217391304,2.851851852,3.28,2.846153846,5.05,3.407407407,3.163265306,2.916666667,3.521327014,3.571929825,3.638461538,3.963680387,4.05811138,3.178756477,3.518518519,3.048295455,2.872403561,3.209366391,3.429347826,3.71393643,3.435695538,4.188328912,4.1425,4.364795918,4.202046036,3.878947368,3.852713178,3.473404255,3.058823529,2.965811966,3.016042781,3.18961039,3.131513648,3.251336898,1.870466321
	rmwilliams,2.886666667,2.481228669,2.666666667,2.552447552,2.719723183,3.039039039,2.625,2.601476015,2.677902622,2.510373444,2.622710623,2.375464684,2.59352518,2.588235294,2.940972222,2.556862745,2.414545455,2.334507042,2.576512456,2.532467532,2.531055901,2.768211921,2.872483221,2.936507937,3.017910448,2.983713355,2.957575758,2.798045603,3.026058632,3.107142857,3.38253012,3.056497175,3.041297935,2.936936937,3.235119048,3.604904632,3.262390671,3.179104478,2.957446809,3.194610778,3.018461538,2.293785311
	marine-layer,3.423913043,2.829787234,3.09039548,3.35625,3.180645161,3.047619048,2.886227545,3.350282486,3.378881988,3.063583815,3.086486486,3.132275132,3.605405405,3.086956522,2.989583333,4.304568528,4.298578199,4.707070707,4.615384615,4.328205128,4.382075472,4.492537313,4.806930693,4.86407767,4.564814815,4.5,4.776119403,4.171428571,4.855895197,4.5,4.187214612,4.458333333,4.403587444,4.594713656,4.547511312,4.633187773,4.812765957,4.573770492,4.238095238,4.255411255,4.535087719,2.648484848
	vince,3.131455399,2.574358974,3.115577889,3.065656566,3.142857143,2.880681818,2.892307692,3.278606965,3.079787234,2.965346535,3.262135922,3.68115942,3.330049261,2.748717949,2.62244898,3.295918367,3.065116279,3.421875,3.191176471,3.738317757,5.539419087,4.825112108,4.658653846,4.580645161,3.958762887,4.138461538,5.281690141,4.248730964,3.6492891,3.578125,3.867346939,3.571428571,4.084444444,4.019704433,4.676595745,4.216216216,4.174528302,5.016460905,4.346846847,3.971830986,3.939252336,2.902597403
	appgroup,6.886956522,5.852173913,6.589285714,6.272727273,5.113207547,5.092592593,6.136842105,5.838709677,5.875,5.630434783,5.170454545,5.842696629,5.65625,5.850574713,5.422222222,6.127906977,5.8,5.2,6.285714286,6.595238095,6.186046512,5.976190476,6.195121951,7.12345679,7.91954023,6.210526316,6.753424658,6.46835443,6.355263158,6.417721519,6.320512821,7.906666667,7.285714286,7.681818182,10.35365854,8.872093023,9.19047619,8.905882353,8.93258427,9.680851064,10.16494845,5.43373494
	mathers,4.238095238,6.14084507,5.590909091,5.436363636,4.579617834,3.3515625,3.922413793,3.659090909,3.426470588,4.225806452,4.554621849,3.475806452,4.608333333,3.743801653,3.672131148,3.018518519,3.265486726,3.810344828,3.748091603,3.704347826,3.657894737,3.770642202,4.25,3.592,3.6875,4.03539823,3.504424779,3.557522124,3.296296296,3.581632653,3.478723404,4.162790698,18.97794118,13.58823529,3.81372549,4.373737374,5.510204082,5.278350515,4.767676768,4.844444444,3.908163265,3.321428571
	deseret,1.946428571,2.060498221,2.080139373,2.017123288,1.753472222,2.026315789,1.967871486,1.800884956,1.726530612,1.739130435,1.659482759,1.963210702,1.959259259,1.744769874,2.044871795,2.133757962,1.837301587,1.841726619,1.888446215,1.64556962,2.363321799,1.842975207,1.904059041,1.847328244,1.911764706,1.877470356,1.698198198,1.87037037,1.776923077,1.772,2.127946128,1.946127946,1.814049587,1.701960784,1.888888889,1.813765182,1.706827309,1.755813953,1.785964912,1.766949153,1.945783133,1.390410959
	lornajaneoms,1.819672131,1.878431373,2.221276596,1.71484375,1.910204082,1.885321101,1.786956522,1.706122449,1.717213115,1.591743119,1.807017544,1.495798319,1.834782609,1.853333333,1.826446281,1.826771654,1.838235294,1.89787234,1.702380952,1.792951542,1.85840708,1.81512605,1.905405405,1.853061224,2.026923077,1.834042553,1.87966805,1.844106464,2.105263158,1.773584906,2.142276423,1.786259542,2.101503759,2.058365759,2.075,2.107569721,2.163636364,1.821969697,2.216494845,1.955882353,1.945848375,1.898305085
	ganni,2.977653631,3.481481481,2.994011976,2.82122905,2.75974026,2.846153846,2.624161074,2.662068966,2.594936709,2.776315789,2.931034483,3.115384615,3.307692308,3.080745342,2.66442953,2.865248227,2.496503497,2.8,2.718309859,2.755102041,2.82,2.78,3.098591549,3.903448276,3.364197531,3.572327044,3.142857143,3.317880795,3.886666667,3.195652174,3.637795276,3.465116279,3.585365854,3.095238095,3.268292683,2.805555556,3.184397163,3.335766423,3.342857143,3.282758621,3.605263158,2.104166667
	birkenstock,3.75,2.910447761,3.5,3.194029851,3.296875,3.596153846,3.887323944,3.076923077,3.594202899,3.424657534,4.391891892,4.957746479,3.960526316,3.944444444,3.714285714,4.688679245,4.625,5.102803738,4.481132075,4.236363636,4.457142857,3.840336134,4.3,3.974137931,3.646616541,3.978417266,4.047244094,4.292307692,4.305970149,4.456692913,4.0234375,4.289256198,4.071428571,4.748148148,5.80952381,5.307692308,4.492537313,4.479338843,4.880597015,4.244444444,4.581395349,2.416666667
	rapha,2.943925234,3.207207207,2.953271028,3.296610169,2.472727273,2.801801802,2.723809524,2.857142857,2.61682243,2.80952381,2.625,2.923076923,3.017391304,3.156521739,3.034482759,3.222222222,3.526315789,3.371900826,3.317829457,3.445378151,3.468253968,3.16,3.25,3.284482759,3.449152542,3.522123894,3.596491228,3.591666667,3.47107438,3.814516129,3.880597015,3.801587302,4.136752137,4.056910569,3.730434783,3.153225806,3.266055046,3.009615385,2.695238095,2.764705882,3.6,1.8
	windsor,1.699386503,1.771276596,1.691919192,2.680147059,1.983146067,1.913461538,1.82183908,1.728723404,1.64921466,1.71978022,1.888888889,1.845,1.933673469,1.900497512,1.893048128,1.74566474,1.796954315,1.80952381,1.612903226,1.735751295,1.81025641,1.745945946,1.84729064,1.763157895,1.579881657,1.712041885,1.853658537,1.764044944,1.803108808,1.737967914,1.854271357,1.819095477,1.82010582,1.734375,1.663101604,2.064356436,1.965517241,1.827411168,1.809278351,1.803921569,1.703517588,1.358695652
	aninebing,3.272727273,3.193548387,4.00990099,3.846153846,3.217391304,2.978947368,3.0375,3.67032967,2.685393258,3.163265306,3.816326531,3.028846154,3.448979592,3.295918367,3.0625,2.715789474,3.549450549,4.06,3.912621359,5.545454545,4.890909091,4.277777778,4.051546392,3.693069307,4.342857143,3.918367347,3.288659794,3.528089888,3.352941176,3.604651163,3.494736842,2.988095238,3.102272727,2.747126437,3.397849462,3.175824176,4.288461538,3.760416667,3.488636364,3.81372549,3.739130435,2.308823529
	roots,3.415441176,3.175965665,1.858156028,2.403508772,1.982248521,1.936170213,2,2.032467532,2.09929078,1.812080537,1.824817518,1.834482759,1.832116788,1.634920635,2.272,1.691176471,2.018987342,1.797385621,1.83125,1.81294964,2.089005236,1.894117647,1.96875,2.116022099,2.07253886,2.111731844,2.137724551,1.90960452,1.981481481,2.153846154,1.944099379,2.040540541,1.815068493,1.951219512,1.963541667,2.096153846,1.943502825,2.187165775,1.968421053,1.897142857,2.06097561,1.672897196
	shinola,3.26,3.076923077,2.868686869,3.610526316,3.231707317,2.802469136,3.479166667,3.231707317,3.2125,3.107526882,3.446808511,3.595744681,3.770833333,3.506024096,3.662790698,3.934065934,4.276595745,3.688172043,3.802083333,5.349056604,4.028846154,4.234042553,4.138297872,3.901960784,2.794392523,3.268041237,3.138297872,3.23655914,3.323232323,3.460674157,2.928571429,3.291262136,3.817204301,3.58,3.116504854,3.244444444,3.12371134,3.137254902,3.724489796,3.924731183,3.655172414,2.071428571
	bzb,3,0,1.5,1.25,1,0,0,2.5,3,1,6,6.142857143,13.5,8,10,8,6.315789474,4.588235294,5.166666667,6.3125,6.2,3,5.163265306,6.843137255,7.163265306,7.035714286,5.431034483,5.014285714,5.911392405,5.514563107,6.095238095,5.019417476,4.93258427,4.6,6.356643357,5.369230769,4.204545455,4.942307692,5.057291667,5.012448133,6.2625,2.88362069
	cosbar,5.013333333,3.514705882,3.772727273,3.903225806,3.089552239,4,5.071428571,3.666666667,4.257142857,4.743243243,5.435897436,4.774647887,4.768115942,3.75,4.254237288,4.365079365,4.666666667,4.931506849,4.070422535,4.52,3.869565217,3.895522388,4.197183099,4.115942029,4.383561644,4.088607595,3.656716418,3.513513514,3.815789474,4.098591549,4.328947368,4.708333333,4.28,3.826086957,5.213333333,5.04109589,4.166666667,4.388888889,4.5,5.045454545,5.774647887,2.870967742
	faherty,2.496062992,2.514893617,2.495689655,2.56779661,2.382222222,2.441314554,2.753554502,2.527659574,2.606481481,2.800947867,2.397540984,2.693227092,2.87007874,2.488687783,2.68487395,3.170833333,3.456140351,3.555555556,2.882845188,1.526315789,1.130434783,1.052631579,1.125,1.090909091,1,1,1,1.666666667,1,0,0,0,0,0,0,0,0,0,0,0,0,0
	ctshirts,0,0,0,0,0,0,0,0,0,0,0,4.333333333,3.363636364,4,1.642857143,2.25,2.1875,1.823529412,2.680851064,3.009174312,3.457317073,3.052631579,3.502645503,2.625641026,2.64673913,2.752427184,2.604651163,2.576086957,2.236220472,2.178571429,2.334883721,2.184331797,2.163716814,2.13362069,1.971014493,2.076595745,2.32718894,2.26754386,2.105485232,2.110132159,2.027559055,1.536585366
	paperandtea,9.076923077,8.361111111,6.833333333,9.918918919,10.76315789,10.10810811,9.972972973,8.736842105,9.789473684,8.351351351,9.051282051,8.243243243,9.864864865,10.53846154,7.975,8.564102564,8.176470588,7.647058824,9.483870968,7.966666667,10.17857143,8.107142857,10.26923077,8.416666667,9.307692308,12.625,13.63157895,11.77272727,12.45,12.33333333,12.16666667,13.85,10.94736842,14.65,12.42857143,12.7,10.85,9.578947368,11.52631579,10.66666667,11.26315789,5.8125
	burton,3.224637681,3.661016949,3.102739726,2.877419355,3.051851852,2.671641791,2.941176471,2.992424242,3.014705882,3.216,3.289719626,3.294642857,3.019230769,2.585365854,3.337837838,2.807692308,2.260869565,2.239130435,2.784615385,2.305555556,2.328767123,2.455882353,2.816901408,2.301369863,2.157894737,2.596774194,2.197183099,2.111111111,2.666666667,2.3,2.520547945,2.473684211,2.352112676,2.602739726,2.723684211,2.333333333,2.675675676,2.666666667,2.462365591,2.903225806,2.757575758,1.865671642
	frame,3.611111111,3.0625,3.055555556,3.45,3.303571429,3.06122449,3.596153846,2.763636364,3.62745098,4.566037736,4.298245614,4.280701754,3.351851852,3.0625,3.509803922,3.04,2.786885246,3.068965517,2.934782609,2.679245283,2.649122807,2.915254237,3.269230769,3.031746032,3.644067797,3.65,3.15,3.338235294,3.085714286,3.319444444,4.135135135,3.708333333,3.893939394,3.375,3.467532468,3.734939759,4.111111111,4.82278481,4.345679012,3.730769231,3.858974359,2.62
	5sn,2.36,2.417721519,2.48,2.106382979,2.113636364,2.306122449,2.545454545,2.576086957,2.069767442,2.647058824,2.273809524,2.614583333,2.192307692,2.84,2.391891892,2.413043478,2.730337079,3.043478261,2.4,2.81443299,2.607142857,2.510638298,2.723404255,2.918367347,2.564705882,2.296296296,2.703296703,2.272727273,2.211111111,2.6375,2.365853659,2.333333333,2.469879518,1.973684211,2.571428571,2.493975904,2.786666667,2.746666667,2.3875,2.590361446,2.291666667,1.926829268
	trybe,2.974025974,2.677777778,3.420454545,3.19047619,3,2.432835821,2.385964912,2.448275862,2.839285714,2.583333333,2.661538462,2.742424242,3.102941176,3.089285714,3.049180328,2.631578947,2.692307692,2.825396825,3.803921569,2.847457627,2.776119403,2.951612903,3.254545455,3.725806452,3.491525424,3.03030303,3.232142857,3.362068966,3.147540984,2.754098361,3.648148148,2.915492958,4.866666667,3.982758621,3.868852459,4.263157895,4.018181818,4.983606557,4.328358209,4.652173913,4.365079365,3.631578947
	seagull,2.786666667,2.671052632,2.510638298,2.4,2.685393258,2.776470588,2.833333333,2.494382022,2.771428571,2.756097561,2.477272727,2.035714286,2.304878049,2.279411765,2.376470588,3.215909091,2.188405797,2.460526316,2.383561644,2.0625,3.030769231,2.188679245,2.98,2.787878788,2.098591549,2.671875,1.983333333,2.983050847,2.352941176,2.657534247,2.641791045,2.804597701,2.434782609,2.344827586,2.283333333,2.531914894,2.228070175,2.76119403,2.793650794,2.826086957,2.881355932,2.133333333
	axelarigato,2.666666667,2.301587302,2.435483871,2.907692308,3.15,2.943396226,2.509803922,2.632653061,2.647058824,2.519230769,2.588235294,3.509090909,3.433333333,2.909090909,2.035087719,2.614035088,3.259259259,2.595744681,2.428571429,3.118644068,3.19047619,3.134328358,3.257575758,3.428571429,2.651515152,3.666666667,4.083333333,3.237288136,3.682539683,3.903225806,4.716666667,3.925925926,3.321428571,2.964285714,3.8,3.169811321,2.788461538,2.73015873,2.76,3.092592593,2.781818182,2.173913043
	midas,3.807017544,4.206896552,3.580645161,3.2,3.541666667,3.089285714,3.26,3.58,3.294117647,4.557692308,3.981132075,3.660377358,3.638297872,4.04,2.983606557,2.963636364,2.94,3.6,3.274509804,3.086206897,3.181818182,2.981481481,3,3.355932203,2.740740741,2.25,2.936170213,3.590909091,2.92,2.64,2.911111111,3,4.169811321,3.975609756,3.105263158,3.543478261,4.254901961,3.333333333,3.127659574,3.590909091,4.186046512,3.285714286
	monkeysports,3.756756757,3.75,4.135135135,3.255813953,2.977777778,3.135135135,3.78125,3.795454545,3.346153846,3.8,3.279069767,2.814814815,3.104166667,3.066666667,3.552631579,3.69047619,3.4,2.872340426,3.465116279,3.512195122,3.872340426,4.021276596,3.47826087,4.279069767,4.196078431,3.840909091,3.372093023,3.5,3.442307692,3.02173913,3.28,3.444444444,3.346153846,3.520833333,3.936170213,3.79245283,4.076923077,3.860465116,3.840909091,4.255813953,2.627906977,1.838709677
	boardriders,5.114285714,6.757575758,6.083333333,5.594594595,5.694444444,5.266666667,4.551724138,4.40625,3.451612903,3.818181818,3.24,3.782608696,3.071428571,3.8,2.678571429,3.484848485,3.303030303,3.485714286,6.108108108,5.558823529,4.078947368,3.6,4,4.405405405,4.918918919,6.921052632,6.075,6.634146341,5.55,4.487804878,4.580645161,4.583333333,4.242424242,3.866666667,3.657142857,3.931034483,2.694444444,2.321428571,2.821428571,3.294117647,3.2,1.6
	filson,2.803278689,2.070175439,2.754385965,2.775862069,2.098360656,1.791666667,2.22,1.954545455,2.020833333,2.849056604,2.479166667,1.941176471,1.773584906,1.918367347,2.666666667,2.596153846,2.610169492,2.586956522,1.915254237,1.723404255,1.96,2.017857143,2.227272727,2.679245283,2.272727273,2.697674419,1.68,2.0625,2.106382979,2.339622642,2.897959184,2.666666667,2.413043478,2.295454545,2.872340426,2.553191489,2.357142857,1.818181818,2.431372549,2.709090909,2.229166667,1.578947368
	djconcession,2.46,2.55,2.644444444,2.571428571,2.5,2.512195122,2.040816327,1.7,1.428571429,2.021276596,2.026315789,2.34,2.037037037,1.872340426,2.033898305,1.638888889,2.256410256,1.793103448,1.936170213,2.045454545,1.898305085,2.218181818,2.385964912,2.672727273,2.173076923,2.078431373,2.142857143,2.229166667,1.811320755,2.375,2.018181818,2.6,2.794871795,2.703703704,2.72,2.333333333,2.14516129,2.053571429,2.369565217,2.087719298,2.341463415,1.864864865
	brooksbrothers,4.363636364,4.621621622,3.885714286,3.580645161,3.464285714,2.62962963,3.25,3.9,2.083333333,2.714285714,2.52,2.642857143,3.153846154,3.916666667,2.1,3.04,2.944444444,4.1,2.40625,2.970588235,2.484848485,2.459459459,2.972222222,2.604651163,2.805555556,3.219512195,3.127659574,3.589285714,3.64,3.26,3.488372093,3.045454545,3.473684211,3.21875,3.073170732,3.11627907,3.260869565,2.484848485,2.627906977,3.03125,3.255813953,2.058823529
	mnt,2.5,3.642857143,3.096774194,2.954545455,2.951219512,2.944444444,2.941176471,2.709677419,2.482758621,2.892857143,2.766666667,2.5,3.515151515,2.703703704,2.551724138,3.333333333,2.866666667,2.925925926,3.407407407,3.486486486,3.470588235,2.909090909,3.033333333,2.75,3.594594595,3.212121212,2.8,3,2.638888889,3.176470588,2.787878788,3.206896552,6.585365854,4.325,3.147058824,3.060606061,3.096774194,2.90625,2.444444444,3.571428571,3.5,2.181818182
	thrills,3.864864865,3.545454545,3.6875,4.875,3.46875,2.483870968,3.761904762,3.6,3.086956522,2.45,3.407407407,4.884615385,4.52173913,5.333333333,4.368421053,4.9,3.925925926,3.321428571,3.695652174,4.538461538,4.318181818,3.227272727,3.166666667,3.75,4.08,3.791666667,3.8,3.592592593,3.125,2.6,3.185185185,3.5,3.913043478,2.633333333,3.777777778,4.08,2.448275862,3.25,3.954545455,4.625,2.615384615,1.75
	manoloblahnik,2.076923077,2.0625,1.571428571,1.833333333,1.933333333,2.125,2.1,2.9375,2.166666667,3,3.551724138,2.735294118,3.583333333,2.705882353,2.652173913,3.5,2.833333333,2.838709677,2.826086957,2.483870968,3.75862069,3.785714286,2.857142857,4.75,3.59375,3.677419355,3.555555556,2.923076923,2.44,2.96,3.269230769,2.821428571,3.12,4.076923077,3.384615385,2.703703704,3.965517241,3.857142857,3.03030303,2.76,2.727272727,1.470588235
	ladoublej,3,1.166666667,1.571428571,2.166666667,1.888888889,2.571428571,2.333333333,1.909090909,1.923076923,3.083333333,4,2.615384615,2.9375,2.722222222,6.333333333,4.461538462,3.375,2.444444444,3.35,2.368421053,2.333333333,2.875,3.181818182,4.375,3.75,3.235294118,3.6,3.6,3.388888889,2.882352941,2.647058824,2.928571429,2,2.888888889,3.083333333,3.5,2.944444444,3.052631579,2.428571429,2.214285714,2.642857143,1.666666667
	facebook,1.666666667,2,1.833333333,2.75,1.714285714,3.636363636,2.7,2,3,3.5,3.25,2.076923077,2.666666667,1.8,3.888888889,2.875,4.125,2.555555556,3.363636364,3.1,5.25,3.454545455,3,5.142857143,3.6875,4.333333333,2.2,2.3,2.428571429,2.272727273,2.8,3,2.333333333,3.75,3.727272727,2.25,3.909090909,4.1875,3,6.315789474,4.538461538,1.857142857
	wolford,2.666666667,3.5,4.375,2.7,2.375,3.363636364,3.222222222,3.25,4.181818182,3.25,4,2.333333333,4.285714286,3.222222222,2.75,3.4,3,3,5.125,3.75,2.625,2.666666667,4.125,3.25,3.333333333,4.333333333,4.428571429,4.75,2.375,4.142857143,2.666666667,4.428571429,2.625,4.25,2.888888889,3.909090909,3.777777778,2.888888889,4.8,3,5.25,2.2
	saucony,1,1,1.5,1.25,1.5,1.333333333,1,1,2,1,1,3,5,1,1.75,1,1,1,2.166666667,1,1.5,1.9,2.8,4.555555556,2.2,3,3.684210526,5.277777778,4.777777778,3.3125,2.588235294,2.333333333,2.347826087,1.944444444,1.866666667,1.333333333,1.916666667,2.230769231,1.428571429,2,1.666666667,1.4
	merrell,2.75,1.75,1.5,1.333333333,1.5,1.5,1.666666667,1,1.166666667,1.75,1.666666667,2,2,1.75,1.5,2.5,2,2.2,1.571428571,1.8,1,1.2,1.428571429,3,2,2,1.428571429,2.166666667,6.461538462,5,3.769230769,2.777777778,2.583333333,2.571428571,2,2.4,2.454545455,2.545454545,2.125,1.333333333,5.285714286,2
	sevenstore,2.25,1.6,2.5,2,1.714285714,1.5,2.25,1.333333333,2.8,3.25,2.833333333,2.666666667,1.833333333,2.25,1.5,2.666666667,3.333333333,2.777777778,1.833333333,3,1.857142857,3.166666667,3,2.142857143,3.142857143,3.666666667,2.5,2.666666667,4.8,4.2,3.833333333,4.25,3.6,2.666666667,2.333333333,3,2.285714286,2.666666667,1.5,2.25,2.333333333,1
	funko,2,2.666666667,1,1.333333333,1.666666667,3.75,2.75,1,2.75,0,1,1.5,1.6,1.5,1.333333333,1.333333333,1.2,1,1,1,1,2.5,1,0,2,1,1,3.25,3.2,3,1,2,2.8,2.5,2.166666667,2.166666667,1.85,1.764705882,1.84,1.956521739,2.4,2.25
	viseo,0,1,7,29,26,27,0,6,9.5,11,15,25,11,3,1,0,1,0,0,0,0,0,0,0,0,0,0,0,0,0,0,0,0,0,0,0,0,0,0,0,0,0
	retailsuccess,6,9,3,1,0,2,0,1,8,1,0,5,0,0,2,2,2.5,2,2,2,3.5,1,0,2,11.5,1,3,1.333333333,2,6,1.5,4,0,3,5,2.75,1,1,1,1,5,1
	clarks-intqa,3.666666667,3,4.25,0,8,3,5,1,1,0,1,5.5,0,0,0,0,0,0,2,4,0,0,0,0,0,0,0,0,0,0,0,1,0,0,0,0,0,0,1,0,0,0
	qwentes,0,0,0,0,0,0,0,0,0,0,3,0,0,0,0,0,1,0,0,0,0,0,0,0,1,0,0,0,9,1,1,0,0,0,0,0,1,1,0,0,7,0
	lnccfashion,0,0,0,0,1,0,0,0,0,0,1,0,2,1,0,0,1,2,1,0,1,1,0,2,0,1,0,0,0,0,1,0,1,0,0,0,1,0,1,0,2,0
	tryzens,0,0,0,0,0,0,0,0,0,0,0,0,0,0,0,0,0,0,0,0,0,0,0,0,0,0,0,0,0,9,1,0,1,0,3,0,0,0,0,1,0,0
	clarks-preprod,0,2,1,0,0,0,1,0,0,0,0,0,0,0,1,0,1,0,0,0,1,0,0,0,0,0,0,0,0,0,0,0,0,0,0,0,0,0,0,0,0,0
	goc-retail2,0,0,0,0,0,0,0,0,0,0,0,0,0,1,0,0,0,0,0,0,0,4,1,0,0,0,0,0,0,0,0,0,0,0,0,0,0,0,1,0,0,0
	mountfords,0,0,0,0,0,0,0,0,0,0,0,0,0,0,0,0,0,0,0,0,0,0,0,0,0,0,0,0,0,0,0,0,0,7,0,0,0,0,0,0,0,0
	davidstea,0,1,1,0,1,0,0,0,0,0,0,0,0,0,0,0,0,0,0,0,0,0,0,0,0,0,0,0,0,0,0,0,0,0,0,0,0,0,0,0,0,0
	universalstore,0,0,0,0,0,0,0,0,0,0,2,0,0,0,0,0,0,0,0,0,0,0,0,0,0,0,0,0,0,0,0,0,0,0,0,0,0,0,0,0,0,0
	jmej1,0,2,0,0,0,0,0,0,0,0,0,0,0,0,0,0,0,0,0,0,0,0,0,0,0,0,0,0,0,0,0,0,0,0,0,0,0,0,0,0,0,0
	mejuri,0,0,0,0,0,1,0,0,0,0,0,0,0,0,0,0,0,0,0,0,0,0,0,0,0,0,0,0,0,0,0,0,0,0,0,0,0,0,0,0,0,0
	lornajane,0,0,0,0,0,0,0,0,0,0,0,0,0,0,0,1,0,0,0,0,0,0,0,0,0,0,0,0,0,0,0,0,0,0,0,0,0,0,0,0,0,0